epoch,train_loss,train_acc1,val_loss,val_acc1,val_acc5
1,0.787094,90.0000,0.258967,93.9400,99.8400
2,0.586441,96.6760,0.220148,95.4400,99.8900
3,0.573034,97.2200,0.222154,95.3100,99.8000
